CustomerID,CustomerName,Region
1,Customer 1,North
2,Customer 2,South
3,Customer 3,West
4,Customer 4,East
5,Customer 5,North
6,Customer 6,South
7,Customer 7,East
8,Customer 8,West
9,Customer 9,North
10,Customer 10,South
11,Customer 11,East
12,Customer 12,West
13,Customer 13,South
14,Customer 14,East
15,Customer 15,North
16,Customer 16,West
17,Customer 17,South
18,Customer 18,North
19,Customer 19,East
20,Customer 20,West
21,Customer 21,North
22,Customer 22,South
23,Customer 23,East
24,Customer 24,West
25,Customer 25,North
26,Customer 26,South
27,Customer 27,East
28,Customer 28,West
29,Customer 29,North
30,Customer 30,South
31,Customer 31,East
32,Customer 32,West
33,Customer 33,North
34,Customer 34,South
35,Customer 35,West
36,Customer 36,East
37,Customer 37,North
38,Customer 38,South
39,Customer 39,East
40,Customer 40,West
41,Customer 41,North
42,Customer 42,South
43,Customer 43,East
44,Customer 44,West
45,Customer 45,North
46,Customer 46,South
47,Customer 47,East
48,Customer 48,West
49,Customer 49,North
50,Customer 50,South
