ProductID,ProductName,Category,UnitPrice
1,Product 1,Electronics,350
2,Product 2,Clothing,140
3,Product 3,Home,220
4,Product 4,Sports,180
5,Product 5,Electronics,410
6,Product 6,Clothing,95
7,Product 7,Home,500
8,Product 8,Sports,160
9,Product 9,Electronics,290
10,Product 10,Clothing,85
11,Product 11,Home,450
12,Product 12,Sports,200
13,Product 13,Electronics,310
14,Product 14,Clothing,120
15,Product 15,Home,375
16,Product 16,Sports,240
17,Product 17,Electronics,330
18,Product 18,Clothing,150
19,Product 19,Home,290
20,Product 20,Sports,210
21,Product 21,Electronics,400
22,Product 22,Clothing,110
23,Product 23,Home,260
24,Product 24,Sports,195
25,Product 25,Electronics,345
26,Product 26,Clothing,105
27,Product 27,Home,280
28,Product 28,Sports,175
29,Product 29,Electronics,390
30,Product 30,Clothing,130
